order_id,order_date,product,category,quantity,unit_price,region
O1001,2026-09-01,Wireless Mouse,Electronics,3,18.99,North
O1002,2026-09-01,Water Bottle,Home,5,12.5,West
O1003,2026-09-02,Running Shoes,Sports,2,64.99,South
O1004,2026-09-02,USB-C Hub,Electronics,4,29.99,East
O1005,2026-09-03,Desk Lamp,Home,2,24.99,North
O1006,2026-09-03,Yoga Mat,Sports,3,21.5,West
O1007,2026-09-04,Bluetooth Speaker,Electronics,2,45.0,South
O1008,2026-09-04,Coffee Grinder,Home,1,39.99,East
O1009,2026-09-05,Running Shoes,Sports,1,64.99,North
O1010,2026-09-05,Wireless Mouse,Electronics,6,18.99,West
O1011,2026-09-06,Travel Backpack,Accessories,2,49.5,South
O1012,2026-09-06,Phone Stand,Accessories,4,14.99,East
O1013,2026-09-07,USB-C Hub,Electronics,3,29.99,North
O1014,2026-09-07,Water Bottle,Home,7,12.5,South
O1015,2026-09-08,Yoga Mat,Sports,2,21.5,East
O1016,2026-09-08,Bluetooth Speaker,Electronics,3,45.0,West
O1017,2026-09-09,Desk Lamp,Home,4,24.99,South
O1018,2026-09-09,Travel Backpack,Accessories,1,49.5,North
O1019,2026-09-10,Coffee Grinder,Home,2,39.99,West
O1020,2026-09-10,Phone Stand,Accessories,5,14.99,East
O1021,2026-09-11,Wireless Mouse,Electronics,2,18.99,South
O1022,2026-09-11,Running Shoes,Sports,3,64.99,West
O1023,2026-09-12,USB-C Hub,Electronics,2,29.99,East
O1024,2026-09-12,Water Bottle,Home,4,12.5,North
O1025,2026-09-13,Travel Backpack,Accessories,3,49.5,West
O1026,2026-09-13,Bluetooth Speaker,Electronics,1,45.0,East
O1027,2026-09-14,Yoga Mat,Sports,4,21.5,South
O1028,2026-09-14,Desk Lamp,Home,1,24.99,West
O1029,2026-09-15,Coffee Grinder,Home,2,39.99,North
O1030,2026-09-15,Phone Stand,Accessories,3,14.99,South
